{"cameraMode":{"drawMode":0,"name":"Shaded","section":"Shading Mode"},"sceneLighting":false,"audioPlay":false,"sceneViewState":{"showFog":true,"showMaterialUpdate":true,"showSkybox":false,"showFlares":true,"showImageEffects":true,"showParticleSystems":true},"in2DMode":false,"pivot":{"x":-0.36314767599105837,"y":0.26297587156295779,"z":0.16780495643615724},"rotation":{"x":-0.0942312628030777,"y":-0.18232180178165437,"z":0.017556654289364816,"w":-0.9785584211349487},"size":1.6583123207092286,"orthographic":false}