{"cameraMode":{"drawMode":0,"name":"Shaded","section":"Shading Mode"},"sceneLighting":false,"audioPlay":false,"sceneViewState":{"showFog":true,"showMaterialUpdate":true,"showSkybox":false,"showFlares":true,"showImageEffects":true,"showParticleSystems":true},"in2DMode":false,"pivot":{"x":-0.04550886154174805,"y":0.11979883909225464,"z":-0.015824556350708009},"rotation":{"x":-0.11877837777137757,"y":-0.2486158013343811,"z":0.030734745785593988,"w":-0.9608029723167419},"size":0.7583121061325073,"orthographic":false}