{"cameraMode":{"drawMode":0,"name":"Shaded","section":"Shading Mode"},"sceneLighting":false,"audioPlay":false,"sceneViewState":{"showFog":true,"showMaterialUpdate":true,"showSkybox":false,"showFlares":true,"showImageEffects":true,"showParticleSystems":true},"in2DMode":false,"pivot":{"x":0.5939838886260986,"y":0.2601137161254883,"z":-0.21147125959396363},"rotation":{"x":-0.1737268567085266,"y":-0.5229160785675049,"z":0.10981662571430206,"w":-0.8272386193275452},"size":1.2708287239074708,"orthographic":false}