{"cameraMode":{"drawMode":0,"name":"Shaded","section":"Shading Mode"},"sceneLighting":false,"audioPlay":false,"sceneViewState":{"showFog":true,"showMaterialUpdate":true,"showSkybox":false,"showFlares":true,"showImageEffects":true,"showParticleSystems":true},"in2DMode":false,"pivot":{"x":-2.085836887359619,"y":1.3685333728790284,"z":-2.707386016845703},"rotation":{"x":-0.007393157109618187,"y":0.9925509095191956,"z":-0.09107273072004318,"w":-0.08057288080453873},"size":5.343390464782715,"orthographic":false}