{"cameraMode":{"drawMode":0,"name":"Shaded","section":"Shading Mode"},"sceneLighting":true,"audioPlay":false,"sceneViewState":{"showFog":true,"showMaterialUpdate":true,"showSkybox":true,"showFlares":true,"showImageEffects":true,"showParticleSystems":true},"in2DMode":false,"pivot":{"x":380.5875244140625,"y":245.81723022460938,"z":-584.020751953125},"rotation":{"x":0.09834402799606323,"y":0.6176183819770813,"z":-0.07823479175567627,"w":0.7763751149177551},"size":3.7829487323760988,"orthographic":false}