{"cameraMode":{"drawMode":0,"name":"Shaded","section":"Shading Mode"},"sceneLighting":true,"audioPlay":false,"sceneViewState":{"showFog":true,"showMaterialUpdate":true,"showSkybox":true,"showFlares":true,"showImageEffects":true,"showParticleSystems":true},"in2DMode":false,"pivot":{"x":-640.2210693359375,"y":-126.85487365722656,"z":-101.35236358642578},"rotation":{"x":-0.06319982558488846,"y":0.7570301294326782,"z":-0.07404139637947083,"w":-0.6460948586463928},"size":332.33367919921877,"orthographic":false}