{"cameraMode":{"drawMode":0,"name":"Shaded","section":"Shading Mode"},"sceneLighting":false,"audioPlay":false,"sceneViewState":{"showFog":true,"showMaterialUpdate":true,"showSkybox":false,"showFlares":true,"showImageEffects":true,"showParticleSystems":true},"in2DMode":false,"pivot":{"x":0.17186927795410157,"y":0.2760281562805176,"z":0.017504453659057618},"rotation":{"x":-0.19173280894756318,"y":-0.41162624955177309,"z":0.08902690559625626,"w":-0.8864997625350952},"size":3.3040120601654054,"orthographic":false}