{"cameraMode":{"drawMode":0,"name":"Shaded","section":"Shading Mode"},"sceneLighting":false,"audioPlay":false,"sceneViewState":{"showFog":true,"showMaterialUpdate":true,"showSkybox":false,"showFlares":true,"showImageEffects":true,"showParticleSystems":true},"in2DMode":false,"pivot":{"x":0.08497199416160584,"y":-0.0526123046875,"z":-0.009513498283922673},"rotation":{"x":0.030931897461414338,"y":-0.8287803530693054,"z":0.04604729637503624,"w":0.5568273067474365},"size":0.21271227300167085,"orthographic":true}