{"cameraMode":{"drawMode":0,"name":"Shaded","section":"Shading Mode"},"sceneLighting":false,"audioPlay":false,"sceneViewState":{"showFog":true,"showMaterialUpdate":true,"showSkybox":false,"showFlares":true,"showImageEffects":true,"showParticleSystems":true},"in2DMode":false,"pivot":{"x":0.0,"y":-0.003189876675605774,"z":1.1920928955078126e-7},"rotation":{"x":-0.23035337030887605,"y":-0.39431482553482058,"z":0.10278815776109696,"w":-0.88368159532547},"size":2.1794495582580568,"orthographic":false}