{"cameraMode":{"drawMode":0,"name":"Shaded","section":"Shading Mode"},"sceneLighting":true,"audioPlay":false,"sceneViewState":{"showFog":true,"showMaterialUpdate":true,"showSkybox":true,"showFlares":true,"showImageEffects":true,"showParticleSystems":true},"in2DMode":false,"pivot":{"x":285.3304443359375,"y":297.7485656738281,"z":-0.484130859375},"rotation":{"x":0.002999825170263648,"y":-0.010499696247279644,"z":0.000031502404453931376,"w":0.9999398589134216},"size":311.14300537109377,"orthographic":false}