{"cameraMode":{"drawMode":0,"name":"Shaded","section":"Shading Mode"},"sceneLighting":true,"audioPlay":false,"sceneViewState":{"showFog":true,"showMaterialUpdate":true,"showSkybox":true,"showFlares":true,"showImageEffects":true,"showParticleSystems":true},"in2DMode":false,"pivot":{"x":-4.595071315765381,"y":-0.4858512878417969,"z":-5.051165580749512},"rotation":{"x":-0.05169752612709999,"y":0.9164174795150757,"z":-0.1258738934993744,"w":-0.3763806223869324},"size":5.677556991577148,"orthographic":false}